No.,StatusOrtu,Penghasilan,Status_Rumah,JMotor,Jmobil,DayaLis,KIPK
1,1,4000000,1,1,0,2,0
2,1,2500000,0,1,0,3,0
3,1,6000000,1,2,0,2,0
4,1,5440500,1,2,0,2,0
5,1,10000000,0,1,1,3,0
6,1,1000000,0,1,0,3,1
7,1,20000000,1,2,1,3,0
8,1,15000000,1,1,0,3,0
9,4,4000000,1,1,1,3,0
10,1,0,1,2,0,1,0
11,1,0,1,4,0,3,0
12,1,8000000,1,2,1,3,0
13,1,500000,1,1,0,2,1
14,1,6000000,1,1,1,2,0
15,1,2500000,1,1,0,1,1
16,1,6000000,1,2,1,2,0
17,1,3500000,1,2,0,1,0
18,4,4000000,0,2,0,2,1
19,1,1200000,1,1,0,2,0
20,1,2500000,1,1,0,3,0
21,1,0,0,2,0,1,0
22,1,6500000,1,2,0,2,0
23,1,5000000,0,2,0,3,1
24,1,300000,1,2,0,1,0
25,1,900000,1,2,1,1,0
26,1,2000000,0,2,0,2,1
27,1,2000000,0,1,0,3,1
28,1,6000000,1,2,0,2,1
29,2,4000000,1,1,0,3,0
30,1,3972900,1,1,0,1,0
31,1,5000000,1,4,0,2,0
32,2,5000000,1,2,0,3,0
33,1,1500000,1,2,0,1,0
34,1,4100000,1,2,0,3,1
35,1,2500000,1,3,0,3,0
36,1,14000000,1,2,1,2,0
37,1,6000000,0,1,0,3,1
38,1,1000000,1,1,0,1,0
39,1,7500000,1,3,0,2,0
40,1,6500000,0,1,0,3,0
41,1,1000000,1,1,0,2,1
42,4,4000000,1,2,0,1,0
43,1,1500000,1,2,0,2,0
44,1,4000000,1,2,1,3,0
45,1,6800000,1,2,0,3,0
46,1,6000000,1,2,1,3,0
47,1,28000000,1,3,1,3,0
48,1,3971800,0,2,0,1,1
49,1,8000000,1,2,0,3,0
50,2,2000000,1,1,0,2,1
51,1,5000000,1,2,1,3,0
52,1,5000000,1,2,1,3,0
53,1,5500000,1,1,0,2,0
54,1,15000000,1,4,1,3,0
55,1,9376759,1,2,1,1,0
56,1,10000000,1,2,1,3,0
57,1,7600000,1,2,0,2,0
58,1,9545500,1,2,0,2,0
59,1,7500000,1,2,0,3,0
60,1,15000000,1,1,1,2,0
61,1,2252000,1,2,0,3,0
62,1,500000,0,2,0,3,0
63,1,1250000,0,1,0,2,1
64,1,600000,1,1,0,2,0
65,1,9500000,1,2,2,3,0
66,1,4500000,1,2,0,3,0
67,1,2000000,1,1,1,3,0
68,1,2000000,1,2,0,2,0
69,2,300000,1,3,0,2,0
70,1,750000,0,2,0,1,1
71,1,4300000,0,3,0,2,0
72,1,2000000,1,3,0,2,0
73,1,3000000,1,2,1,2,0
74,1,500000,0,0,0,3,1
75,1,4500000,1,2,0,2,0
76,1,2000000,0,3,0,3,0
77,1,6000000,1,2,1,3,0
78,1,15000000,1,2,1,2,0
79,4,1500000,1,1,0,2,1
80,1,3000000,1,2,0,3,0
81,1,10000000,1,2,1,3,0
82,1,4293581,1,1,0,2,0
83,1,35000000,1,3,0,3,0
84,1,10000000,1,3,0,2,0
85,1,17000000,1,2,1,3,0
86,1,5000000,1,2,0,2,0
87,1,6500000,0,2,0,2,0
88,1,1500000,0,1,0,2,1
89,1,5000000,1,4,0,2,0
90,1,3000000,0,1,0,2,0
91,1,5000000,0,1,0,3,0
92,1,13000000,1,2,0,2,0
93,1,5000000,1,2,0,2,0
94,1,7000000,1,3,1,2,0
95,1,5500000,1,3,1,3,0
96,2,1400000,1,2,0,2,0
97,1,15000000,1,1,1,3,0
98,1,15000000,1,2,1,3,0
99,1,1800000,1,2,0,2,0
100,1,1000000,1,1,0,1,1
101,1,6500000,1,2,0,3,0
102,1,8000000,1,3,1,3,0
103,1,35000000,1,2,2,3,0
104,1,1500000,1,2,0,1,1
105,1,2500000,1,1,0,2,0
106,1,2000000,1,2,0,1,0
107,1,25000000,1,2,1,3,0
108,1,1000000,1,1,0,2,1
109,1,1500000,0,1,0,3,0
110,1,7000000,1,3,1,3,0
111,1,1500000,1,1,1,2,0
112,1,5000000,1,3,1,2,0
113,4,0,1,1,0,2,1
114,1,2000000,1,1,0,3,0
115,1,1500000,1,3,0,2,1
116,2,3802400,1,2,1,2,0
117,1,1500000,0,0,0,1,0
118,1,4500000,1,2,0,2,0
119,1,1500000,1,3,1,3,0
120,1,1500000,0,1,0,2,1
121,1,5000000,1,2,0,1,0
122,1,1000000,1,2,0,1,0
123,1,3000000,1,2,0,3,0
124,1,6424000,1,4,0,3,0
125,1,2500000,1,2,0,3,1
126,1,12500000,1,2,0,3,0
127,2,3500000,1,3,0,2,0
128,1,8600000,1,2,0,2,0
129,1,15000000,1,4,2,2,0
130,1,11500000,1,1,1,3,0
131,1,3000000,1,2,0,2,0
132,1,47500000,1,2,0,1,0
133,1,5000000,1,2,0,3,0
134,1,1200000,1,2,0,2,1
135,1,15500000,1,2,0,3,0
136,1,2000000,1,1,0,3,0
137,1,3700000,1,1,0,1,0
138,1,1700000,1,2,0,2,1
139,1,7000000,1,2,1,3,0
140,1,4000000,0,2,0,2,0
141,1,4000000,1,2,0,3,0
142,1,8000000,1,2,1,2,0
143,1,7000000,0,3,1,1,1
144,1,3000000,1,1,0,1,0
145,1,3000000,1,2,0,1,0
146,2,5000000,1,2,0,2,0
147,1,4293581,0,3,0,3,0
148,1,26000000,1,2,1,3,0
149,1,7500000,0,3,0,2,0
150,1,0,0,0,0,3,1
151,1,3000000,1,2,0,2,0
152,1,8000000,1,2,1,3,0
153,1,5000000,0,1,0,2,0
154,1,8000000,1,2,0,2,0
155,2,3000000,0,1,0,2,0
156,1,4000000,0,3,0,3,0
157,1,1500000,1,2,1,3,0
158,1,4400000,1,2,0,2,0
159,1,20000000,1,2,1,3,0
160,1,1500000,1,1,0,2,1
161,1,2000000,1,2,0,2,1
162,2,2000000,1,1,0,2,1
163,1,4000000,1,2,0,2,0
164,1,5400000,0,2,0,1,0
165,1,3000000,1,2,0,2,1
166,1,2700000,1,2,0,1,0
167,1,4000000,1,2,0,2,0
168,1,4000000,1,2,1,2,0
169,1,2700000,1,2,0,2,0
170,1,4500000,1,1,0,2,1
171,1,2500000,1,2,0,2,0
172,1,0,0,3,0,1,1
173,1,20000000,1,1,1,3,0
174,1,5000000,1,1,1,3,0
175,1,3500000,1,1,0,2,0
176,1,1500000,1,1,1,2,0
177,1,4608000,1,1,0,3,0
178,1,1000000,1,3,0,2,1
179,1,2000000,1,1,0,1,0
180,1,5000000,0,3,1,3,0
181,1,3000000,0,1,0,2,0
182,1,5000000,1,4,0,2,0
183,1,2500000,1,2,0,3,0
184,1,10000000,1,1,1,3,0
185,1,10000000,1,3,1,2,0
186,1,4700000,1,2,1,1,0
187,1,2000000,1,1,0,1,0
188,1,5500000,1,1,0,2,0
189,1,2500000,0,2,0,2,0
190,2,500000,1,1,0,2,1
191,1,1500000,1,2,0,1,0
192,1,4507500,1,2,0,2,0
193,1,5000000,0,1,0,3,0
194,1,16000000,1,3,1,3,0
195,1,8000000,0,1,0,3,0
196,1,20000000,1,3,1,3,0
197,1,5000000,1,1,0,3,0
198,1,8000000,1,2,1,1,0
199,1,3000000,1,3,0,2,0
200,1,11680686,1,3,1,3,0
201,1,2000000,0,2,0,2,1
202,1,10000000,1,2,0,2,0
203,1,5000000,1,3,0,2,0
204,1,73000000,1,1,1,3,0
205,1,1000000,1,2,0,3,0
206,1,4000000,0,1,0,1,1
207,1,7567590,1,3,1,2,0
208,1,1000000,1,3,0,2,0
209,1,6150000,0,2,0,3,0
210,1,8454500,1,4,0,1,0
211,1,4185500,0,2,0,2,1
212,1,5000000,1,3,0,2,0
213,1,2500000,1,1,2,3,0
214,1,2000000,1,4,0,2,1
215,1,8000000,1,2,0,2,0
216,1,8000000,1,2,1,3,0
217,1,30000000,1,3,1,3,0
218,1,2000000,1,3,0,2,0
219,1,5000000,1,2,0,3,0
220,2,3000000,1,2,1,2,0
221,1,4500000,1,1,1,3,0
222,1,500000,1,1,0,2,1
223,1,4000000,1,2,1,2,0
224,1,15000000,1,3,2,2,0
225,1,5000000,1,3,0,2,0
226,1,3100000,1,2,0,2,0
227,1,6000000,0,2,0,2,1
228,1,3500000,1,2,0,2,0
229,1,6000000,0,4,0,2,0
230,1,8000000,1,2,1,2,0
231,2,1955500,1,2,1,2,0
232,1,0,1,2,1,3,0
233,1,9778800,1,3,1,2,0
234,2,2100000,1,1,0,2,0
235,1,8000000,1,2,0,3,0
236,1,5000000,1,1,0,2,0
237,1,3000000,1,2,0,3,0
238,1,5000000,1,3,1,3,0
239,1,7000000,1,3,0,3,0
240,1,450000,1,1,0,1,1
241,1,5000000,1,2,0,2,0
242,1,5000000,1,3,0,2,0
243,1,4250000,1,2,0,2,0
244,1,3000000,1,2,0,2,0
245,1,3000000,1,2,0,3,0
246,4,0,1,1,0,2,1
247,1,3000000,1,3,0,2,0
248,1,39524000,1,2,1,3,0
249,1,500000,0,1,0,1,0
250,1,500000,1,1,0,1,0
251,1,3000000,0,2,0,2,1
252,1,3000000,1,3,0,3,0
253,1,4000000,1,2,0,2,0
254,1,9000000,1,1,0,1,0
255,1,8400000,0,3,1,3,0
256,1,4000000,1,2,1,2,0
257,1,1000000,1,2,0,2,0
258,1,20000000,1,1,2,3,0
259,1,12500000,1,2,1,2,0
260,1,5000000,0,2,1,3,0
261,2,9500000,1,3,0,1,0
262,1,5500000,1,2,0,2,0
263,1,7000000,1,2,0,2,0
264,1,8500000,1,1,1,3,0
265,1,10000000,1,3,1,2,0
266,1,1800000,0,1,0,2,1
267,2,1500000,0,1,0,2,1
268,2,500000,1,1,0,1,1
269,1,750000,1,1,0,2,1
270,1,4000000,1,2,0,3,0
271,1,9000000,1,1,1,3,0
272,1,4000000,0,1,0,2,0
273,2,0,1,2,0,2,1
274,1,3000000,1,2,0,3,0
275,2,8000000,1,3,1,3,0
276,1,1500000,1,1,0,2,0
277,1,2500000,0,2,0,2,1
278,1,5000000,1,2,1,1,0
279,1,3000000,0,1,0,3,0
280,4,1500000,1,2,0,2,1
281,1,2000000,1,2,0,1,1
282,1,1000000,0,1,0,2,1
283,1,4000000,1,3,0,2,0
284,1,1750000,0,1,0,1,1
285,1,4000000,1,4,0,2,0
286,1,30000000,1,1,1,3,0
287,1,6000000,1,1,1,2,0
288,2,1500000,0,2,0,3,1
289,2,0,1,3,0,1,0
290,1,4500000,1,1,1,3,0
291,1,14500000,1,2,1,3,0
292,1,10000000,1,2,1,3,0
293,1,12000000,1,4,0,3,0
294,1,3000000,1,1,0,2,1
295,1,2500000,1,2,3,1,0
296,1,2700000,1,2,1,2,0
297,1,25000000,1,3,2,3,0
298,1,3500000,1,2,0,3,0
299,1,19000000,1,2,2,3,0
300,1,15000000,1,1,1,3,0
301,1,1500000,1,2,0,2,1
302,1,4500000,1,2,0,2,0
303,1,7000000,1,2,1,3,0
304,1,5900000,1,2,0,2,0
305,1,3000000,1,2,0,2,1
306,2,4000000,1,3,0,2,0
307,1,4000000,1,3,1,2,0
308,1,2500000,1,1,0,2,0
309,1,10000000,1,2,1,2,0
310,1,5300000,1,1,0,1,0
311,1,7000000,1,2,0,2,0
312,1,2000000,1,3,0,2,0
313,1,5000000,1,2,1,3,0
314,1,4000000,1,3,0,2,0
315,1,20000000,1,3,1,3,0
316,1,3000000,1,3,0,2,0
317,1,10720000,1,2,1,3,0
318,1,6000000,0,2,0,3,0
319,1,6500000,1,1,1,1,0
320,1,6000000,1,2,0,3,0
321,1,18000000,1,2,1,3,0
322,1,3000000,0,2,0,3,1
323,1,4000000,1,1,0,2,0
324,1,4000000,1,2,1,2,0
325,1,4000000,1,2,0,3,0
326,2,2000000,1,2,0,2,0
327,1,2000000,0,2,0,1,1
328,1,3000000,1,3,0,1,0
329,1,5238400,1,3,0,2,0
330,2,3000000,1,2,0,3,0
331,1,1000000,0,1,0,1,0
332,1,10000000,1,2,0,2,0
333,1,8000000,1,2,0,3,0
334,2,6000000,1,2,1,2,0
335,1,3000000,1,2,0,2,0
336,1,17000000,1,1,1,3,0
337,1,6000000,1,2,0,3,0
338,1,3000000,1,2,0,1,0
339,1,4300000,0,2,0,2,0
340,1,3500000,0,2,0,2,0
341,1,5906900,1,2,0,2,0
342,1,3300000,1,2,0,2,0
343,1,3500000,1,1,0,2,0
344,1,15000000,1,3,0,2,0
345,4,10000000,1,3,0,3,0
346,1,8000000,1,2,1,2,0
347,1,500000,1,2,0,1,1
348,1,0,1,2,1,3,0
349,1,5000000,0,1,0,3,0
350,1,5203157,1,3,1,2,0
351,1,7000000,1,3,1,2,0
352,1,10000000,1,2,1,3,0
353,1,1200000,1,1,0,1,1
354,1,3800000,1,1,0,3,0
355,1,6000000,1,1,0,2,0
356,1,6000000,1,1,1,2,0
357,1,0,0,2,0,2,1
358,1,2000000,0,1,0,3,1
359,1,3000000,1,2,0,2,0
360,2,2500000,1,2,1,3,0
361,1,4700000,1,2,0,2,0
362,1,7000000,1,2,1,3,0
363,1,3000000,1,2,1,2,0
364,1,1500000,1,2,0,3,1
365,2,1700000,1,2,1,3,0
366,1,3500000,1,1,1,2,0
367,1,5000000,1,1,0,2,0
368,1,2500000,1,2,0,2,1
369,1,3500000,1,1,0,3,0
370,1,4000000,1,2,0,2,0
371,1,16000000,1,3,1,3,0
372,1,10000000,1,2,1,3,0
373,1,7000000,1,2,1,2,0
374,1,1000000,1,3,0,2,1
375,1,5500000,1,2,1,2,0
376,4,5000000,1,2,0,3,0
377,1,3000000,0,2,1,2,0
378,1,2500000,1,2,1,3,0
379,1,3500000,1,3,1,3,0
380,1,3200000,1,3,0,2,1
381,1,1500000,1,3,0,2,1
382,1,2400000,1,2,0,2,0
383,1,4700000,1,1,1,3,0
384,1,1800,1,3,0,1,0
385,1,10000000,0,3,0,2,0
386,1,2200000,1,1,0,1,1
387,1,7000000,1,3,0,2,0
388,1,5000000,1,3,0,2,0
389,1,5000000,1,2,0,3,0
390,1,7500000,1,1,1,3,0
391,1,4300000,1,2,0,2,0
392,1,4200000,0,2,0,2,0
393,1,4000000,1,2,0,3,0
394,1,5000000,0,3,0,3,0
395,1,5000000,1,2,0,3,0
396,1,4700000,0,2,0,3,0
397,1,1000000,1,4,0,3,0
398,1,5000000,1,2,1,3,0
399,1,5000000,1,2,0,2,0
400,1,2500000,1,2,0,2,0
401,1,1000000,1,2,0,1,1
402,1,6769024,1,3,0,2,0
403,1,2500000,1,2,0,2,0
404,1,1000000,1,1,0,1,0
405,1,0,1,1,0,3,0
406,1,1500000,1,2,0,3,0
407,1,5000000,1,3,0,2,0
408,1,4500000,1,2,1,1,0
409,1,6000000,1,1,0,2,0
410,1,1200000,0,2,0,3,1
411,1,2200000,1,2,0,2,0
412,1,10000000,1,2,1,2,0
413,1,6850000,1,2,0,2,0
414,1,2000000,1,3,0,2,0
415,1,4000000,0,3,0,2,0
416,1,7602033,1,2,0,2,0
417,1,3000000,1,2,0,2,0
418,1,6000000,1,2,0,1,0
419,2,2000000,0,1,0,1,1
420,1,2000000,1,2,0,2,0
421,1,1000000,1,1,0,2,1
422,1,5700000,1,3,0,2,0
423,1,3500000,1,4,1,2,0
424,1,1300000,1,1,1,2,0
425,1,15000000,1,3,1,3,0
426,1,500000,0,2,1,2,0
427,1,3000000,1,1,1,2,0
428,1,4362600,1,2,0,2,0
429,1,1500000,0,1,0,3,0
430,1,8500000,1,1,1,3,0
431,1,2500000,1,2,0,3,0
432,1,3500000,1,1,3,1,0
433,1,10000000,1,2,1,3,0
434,1,4000000,1,1,0,2,1
435,1,3000000,1,2,0,2,0
436,1,7000000,1,4,1,3,0
437,1,5000000,1,2,0,3,0
438,1,10000000,1,2,0,3,0
439,1,4000000,1,2,0,2,0
440,1,8500000,1,2,0,2,0
441,1,8300000,1,3,1,3,0
442,1,50000,1,1,0,1,1
443,1,4500000,1,2,0,1,0
444,1,5000000,1,2,1,3,0
445,1,4500000,0,1,0,1,0
446,1,4000000,1,2,0,1,0
447,1,4500000,1,4,1,3,0
448,4,2500000,1,2,0,2,0
449,1,0,1,0,0,2,1
450,2,2000000,1,2,0,1,0
451,2,400000,1,1,0,1,1
452,2,500000,1,1,0,2,1
453,1,3420300,1,2,0,2,0
454,2,1900000,1,1,0,1,0
455,1,3900000,1,2,1,2,0
456,1,5200000,0,3,0,2,0
457,1,300000,1,2,0,1,1
458,1,10000000,1,2,0,3,0
459,1,12500000,0,3,1,2,0
460,1,3000000,1,2,0,3,0
461,1,1500000,1,2,0,2,1
462,1,900000,1,1,0,1,1
463,1,1000000,0,1,0,1,0
464,1,2000000,1,2,0,1,0
465,1,3000000,1,1,0,3,1
466,1,9700000,1,3,0,2,0
467,1,4000000,1,3,1,2,0
468,1,10500000,1,3,1,3,0
469,1,1000000,1,2,0,2,0
470,1,25000000,1,1,1,2,0
471,1,0,0,1,0,1,1
472,1,3300000,1,4,1,3,0
473,1,2500000,0,2,0,2,0
474,1,6150000,1,3,0,3,0
475,1,0,1,1,1,3,0
476,1,3000000,1,1,1,2,1
477,1,4800000,1,1,0,1,0
478,1,10000000,1,2,1,3,0
479,1,5000000,0,3,1,2,0
480,1,4000000,1,2,0,3,0
481,1,4600000,1,1,0,2,0
482,1,4000000,0,1,0,2,0
483,1,2500000,1,3,0,2,0
484,1,5577400,1,2,0,2,0
485,1,7000000,1,1,1,3,0
486,2,1000000,1,0,0,2,0
487,1,23708946,1,3,1,3,0
488,1,3500000,1,2,0,2,1
489,4,3000000,0,2,0,2,0
490,4,500000,0,1,0,1,0
491,1,10000000,1,2,1,3,0
492,1,6100000,1,3,1,2,0
493,2,1200000,0,2,0,2,1
494,2,1700000,1,2,0,3,0
495,1,20000000,1,1,1,3,0
496,2,4000000,1,3,1,3,0
497,1,3000000,1,2,1,2,0
498,1,11500000,1,2,0,2,0
499,1,9000000,1,2,0,2,0
500,1,1700000,1,2,0,2,0
501,1,4000000,1,2,0,2,0
502,1,1500000,1,2,0,2,0
503,1,6000000,1,2,0,2,0
504,1,4200000,1,3,1,2,0
505,1,2000000,1,2,0,1,0
506,1,10000000,1,2,0,3,1
507,2,3000000,1,2,0,3,0
508,1,15500000,1,2,1,3,0
509,1,8000000,1,2,0,2,0
510,2,0,1,1,0,1,0
511,1,2400000,1,4,0,2,0
512,1,10000000,0,0,1,3,0
513,1,2000000,1,2,0,2,0
514,1,5000000,1,2,2,2,0
515,1,3000000,1,4,0,3,0
516,1,0,1,1,0,1,0
517,1,6500000,1,2,0,3,0
518,1,5000000,1,2,1,3,0
519,1,3000000,0,2,0,2,0
520,1,4616000,0,2,0,2,1
521,2,2500000,1,1,0,2,0
522,1,0,1,0,2,3,0
523,1,3000000,1,0,0,1,0
524,1,3500000,0,2,0,3,0
525,1,3000000,1,1,0,2,0
526,1,1500000,1,2,0,1,1
527,1,8000000,1,2,1,3,1
528,1,4000000,1,1,0,2,0
529,1,1500000,1,1,0,2,0
530,1,6000000,1,1,0,2,0
531,1,10000000,1,4,1,3,0
532,1,6000000,1,1,1,2,0
533,1,6000000,1,2,0,2,0
534,1,4500000,1,2,1,2,0
535,1,5000000,1,2,0,2,0
536,1,4000000,1,2,1,2,0
537,1,1000000,0,1,0,2,0
538,1,4796540,0,2,0,3,0
539,1,9000000,1,3,1,3,0
540,1,3500000,1,2,1,3,0
541,1,7000000,1,3,0,3,0
542,1,20000000,1,2,2,3,0
543,1,2474100,1,2,0,2,0
544,1,5000000,1,2,1,2,0
545,2,2000000,1,1,0,2,1
546,1,8000000,1,3,1,2,0
547,1,1500000,0,1,0,1,1
548,1,4500000,1,2,0,1,0
549,1,3000000,0,2,0,2,1
550,1,8000000,1,2,2,3,0
551,1,4200000,0,1,0,2,1
552,1,3500000,1,1,0,2,0
553,1,7000000,1,3,0,2,0
554,1,8000000,1,2,1,2,0
555,1,2000000,1,2,1,2,0
556,1,13000000,1,2,0,2,0
557,2,500000,0,2,0,3,1
558,1,6100000,1,3,0,2,0
559,1,4000000,1,3,0,2,0
560,1,11860000,0,0,1,3,0
561,1,5000000,1,1,0,3,0
562,1,3000000,1,1,1,3,0
563,1,6000000,1,2,0,2,0
564,1,2000000,0,2,0,2,1
565,2,4000000,1,3,1,3,0
566,4,5000000,1,1,0,2,0
567,1,4500000,1,2,0,2,0
568,1,1700000,1,3,0,1,0
569,1,4800000,1,2,1,3,0
570,1,4301000,1,1,0,2,0
571,1,2000000,1,1,0,2,1
572,1,3000000,1,2,0,2,0
573,1,3000000,1,1,1,2,0
574,1,3000000,1,2,0,2,0
575,1,300000,0,1,0,3,1
576,1,4000000,0,3,0,3,0
577,1,4300000,1,2,0,2,0
578,1,10000000,1,2,1,3,0
579,1,3500000,1,4,0,2,0
580,1,3250000,1,3,0,2,0
581,1,2500000,1,2,0,2,0
582,1,5000000,1,2,0,2,0
583,1,3000000,1,4,1,2,0
584,1,4000000,1,2,1,2,0
585,1,5000000,0,2,0,2,0
586,1,6500000,0,1,1,3,0
587,1,2500000,1,2,1,1,0
588,1,3000000,1,2,0,3,0
589,1,42000000,1,2,2,3,0
590,1,1000000,1,3,0,1,1
591,1,10400000,0,2,1,2,0
592,1,3000000,1,1,0,1,0
593,1,3000000,1,3,1,2,0
594,1,1000000,1,0,0,1,1
595,1,19000000,1,2,0,3,0
596,1,10500000,1,4,0,3,0
597,1,4300000,1,2,0,3,0
598,1,6000000,1,4,1,2,0
599,1,1000000,1,1,0,1,0
600,1,6000000,1,3,1,3,0
601,1,6500000,1,3,1,3,0
602,1,5000000,1,2,1,3,0
603,1,10000000,1,2,1,2,0
604,1,3000000,1,2,0,1,0
605,1,4438200,1,2,1,3,0
606,2,10000000,1,2,0,3,0
607,1,4000000,1,2,0,3,0
608,1,5000000,1,3,1,3,0
609,1,4000000,1,2,0,2,0
610,1,3300000,0,2,0,2,0
611,1,5000000,0,1,0,3,1
612,1,3000000,1,4,0,2,0
613,1,3000000,1,2,0,3,0
614,1,5000000,1,2,1,2,0
615,1,2200000,0,2,0,2,0
616,1,3500000,1,2,0,2,0
617,1,4000000,0,2,0,2,0
618,1,3500000,1,3,1,2,0
619,1,4500000,0,2,0,2,0
620,1,1500000,0,2,0,1,0
621,1,45000000,1,1,0,3,0
622,1,1000000,1,1,0,2,1
623,1,19000000,1,2,1,3,0
624,1,10658200,1,4,1,3,0
625,1,6300000,0,2,0,2,0
626,1,5000000,1,3,1,3,0
627,1,1500000,1,2,0,2,0
628,1,10000000,1,3,1,3,0
629,1,7000000,1,3,1,3,0
630,1,7000000,1,3,2,3,0
631,1,6500000,1,2,0,3,0
632,1,13200000,1,2,0,3,0
633,1,7500000,1,3,1,3,0
634,1,1500000,1,1,0,2,1
635,1,8000000,1,2,0,2,0
636,1,0,1,4,0,2,0
637,1,3000000,1,3,1,2,0
638,1,4000000,1,1,1,2,0
639,1,7500000,1,2,0,2,0
640,1,2000000,0,2,0,3,0
641,2,1000000,1,1,0,1,1
642,1,6500000,1,2,0,2,0
643,4,1982000,1,2,0,2,0
644,1,10000000,1,2,0,3,0
645,1,10000000,1,2,1,3,0
646,1,6000000,1,2,0,2,0
647,1,3000000,1,1,0,2,1
648,1,30000000,1,3,1,3,0
649,1,6000000,1,2,0,3,0
650,1,6300000,1,2,0,2,0
651,1,4500000,1,2,1,2,0
652,1,7900000,0,2,1,3,0
653,1,1250000,1,1,0,2,1
654,1,4000000,0,2,0,2,0
655,1,4182287,0,2,0,2,1
656,1,5000000,0,2,0,2,0
657,1,1172500,0,2,0,2,0
658,1,4000000,0,2,1,2,0
659,1,2000000,1,1,0,2,0
660,1,5000000,1,1,1,2,0
661,4,0,1,1,0,2,0
662,1,3000000,1,2,0,2,1
663,1,1800000,0,2,0,3,1
664,1,8700000,1,3,1,3,0
665,1,2700000,1,1,0,1,1
666,1,10000000,1,1,1,3,0
667,1,3000000,1,1,0,2,0
668,1,3800000,1,3,0,3,0
669,1,4500000,0,2,0,2,0
670,1,5000000,1,2,0,3,0
671,1,4500000,0,2,0,2,0
672,1,8600000,1,2,1,2,0
673,1,4000000,1,2,0,3,0
674,1,4000000,1,2,1,3,0
675,1,15000000,1,3,1,2,0
676,1,3000000,1,3,0,2,0
677,1,0,1,1,0,3,0
678,1,1500000,1,1,0,1,1
679,1,5000000,1,2,1,2,0
680,1,5000000,1,2,1,2,0
681,1,10000000,1,2,2,3,0
682,1,5000000,1,1,0,2,0
683,1,5500000,0,3,1,3,0
684,1,1750000,1,1,0,1,1
685,1,2530489,1,1,0,2,1
686,1,5000000,1,1,1,3,0
687,1,15000000,1,3,2,3,0
688,1,4500000,1,3,1,2,0
689,1,1750000,0,2,0,2,1
690,1,7000000,1,2,1,3,0
691,1,10000000,1,2,1,2,0
692,1,3500000,1,3,0,2,0
693,4,4000000,0,2,0,2,0
694,1,3500000,1,1,0,2,0
695,1,10000000,1,1,1,3,0
696,1,7000000,1,3,1,3,0
697,1,1000000,1,2,0,1,0
698,1,14000000,1,1,0,3,0
699,1,5000000,1,3,0,3,0
700,1,300000,1,2,0,3,0
701,1,3700000,0,3,0,3,1
702,1,3000000,1,2,0,2,0
703,1,6250000,1,3,1,3,0
704,1,5500000,0,2,0,3,0
705,1,3000000,1,2,0,2,0
706,1,3500000,0,2,0,2,0
707,1,4000000,1,2,0,1,0
708,2,1300000,1,1,0,2,1
709,1,2000000,1,1,0,2,0
710,1,3500000,1,1,1,3,0
711,1,2700000,1,3,0,2,0
712,1,2500000,1,3,1,2,0
713,1,5000000,1,4,0,2,0
714,1,2850000,0,2,0,2,0
715,1,5600000,1,3,0,2,0
716,1,4000000,0,2,0,2,0
717,1,0,1,3,1,2,0
718,1,1200000,1,3,0,3,0
719,1,800000,1,2,0,2,0
720,1,2499000,1,1,0,1,0
721,1,8300000,1,2,1,2,0
722,1,8980400,1,2,1,2,0
723,2,8000000,1,2,1,3,0
724,1,8000000,1,2,1,3,0
725,1,1500000,1,1,0,2,0
726,1,3500000,0,1,0,1,0
727,1,5100000,0,1,0,3,0
728,1,2000000,1,1,0,2,0
729,1,3250000,0,2,0,3,1
730,1,600000,1,1,0,1,1
731,1,0,0,1,0,3,1
732,1,5000000,1,2,1,3,0
733,2,0,1,2,0,2,0
734,1,5000000,1,1,1,1,0
735,1,4400000,1,1,1,3,0
736,1,8000000,1,2,1,3,0
737,1,10000000,1,3,0,3,0
738,1,7500000,1,1,1,3,0
739,1,6000000,1,1,1,3,0
740,1,10000000,1,3,1,3,0
741,2,1000000,1,2,0,3,1
742,1,6000000,1,2,0,3,0
743,1,600000,1,1,0,1,0
744,1,18500000,1,2,1,3,0
745,1,13632102,0,2,0,3,0
746,1,3500000,1,2,0,3,0
747,1,9000000,1,2,0,2,0
748,2,1500000,1,1,1,2,0
749,1,4200000,1,3,1,3,0
750,1,0,1,1,1,3,0
751,1,9252493,0,2,0,3,0
752,1,7500000,1,2,0,3,0
753,2,1000000,1,1,0,1,1
754,2,6305000,1,2,0,3,0
755,2,1000000,0,1,0,3,1
756,1,3500000,1,3,0,3,0
757,1,0,1,2,1,3,0
758,1,7900000,1,2,1,2,0
759,1,1500000,1,2,0,2,0
760,1,10000000,1,2,1,3,0
761,1,2400000,1,1,0,2,0
762,1,1500000,1,1,1,3,0
763,1,6000000,1,2,1,3,0
764,1,8035300,1,2,0,2,0
765,1,3000000,1,2,0,1,1
766,1,25000000,0,2,1,3,0
767,1,750000,1,2,0,2,1
768,1,10000000,1,2,1,2,0
769,1,5000000,0,4,1,2,0
770,1,6500000,1,2,0,2,0
771,1,1200000,1,3,1,2,0
772,1,15000000,1,2,1,3,0
773,1,9000000,1,4,1,3,0
774,1,4000000,0,3,0,2,0
775,1,4000000,1,3,1,3,0
776,1,3500000,1,2,0,2,0
777,2,2400000,1,1,0,1,0
778,1,5000000,1,1,0,3,0
779,1,2000000,1,2,1,3,0
780,2,600000,1,2,0,2,0
781,1,9300000,1,2,0,2,0
782,2,4350000,1,2,1,1,0
783,2,0,0,2,0,3,1
784,1,5000000,1,3,1,2,0
785,1,1000000,1,1,0,3,0
786,1,25000000,1,2,2,3,0
787,1,0,1,2,0,1,0
788,1,3500000,1,2,0,3,0
789,2,2000000,1,2,0,2,1
790,1,1500000,1,3,0,2,0
791,1,2500000,0,2,0,2,0
792,1,3000000,1,2,0,1,0
793,1,1000000,0,0,0,3,0
794,1,4565736,1,3,0,3,1
795,1,3993060,0,1,0,2,0
796,1,4500000,1,2,0,1,1
797,1,7000000,1,2,1,3,0
798,1,500000,0,1,0,2,0
799,2,3000000,1,2,1,2,0
800,1,7500000,1,3,0,2,0
801,1,3000000,0,1,0,1,0
802,1,6000000,1,1,1,3,0
803,2,2000000,0,0,0,3,1
804,1,4000000,1,2,0,1,0
805,1,1300000,0,1,1,3,1
806,1,2000000,1,2,0,1,1
807,1,1300000,1,2,0,1,0
808,1,8000000,1,2,0,2,0
809,1,4250000,1,1,0,2,0
810,1,4700000,0,2,1,3,0
811,1,49500000,1,1,1,3,0
812,1,2000000,1,1,0,2,0
813,1,5600000,1,2,1,2,0
814,2,4200000,1,2,0,3,1
815,1,4500000,1,2,0,1,1
816,1,3400000,0,2,0,2,1
817,1,2000000,1,3,0,1,1
818,4,1000000,1,2,0,1,1
819,1,8000000,1,2,1,2,0
820,1,4000000,1,1,0,3,0
821,1,3500000,0,2,0,1,1
822,1,5500000,0,1,0,2,0
823,1,3000000,1,1,0,2,0
824,1,1000000,1,2,0,2,0
825,1,10000000,1,4,2,3,0
826,2,700000,0,0,0,2,1
827,1,8012000,1,1,1,2,0
828,1,4000000,1,1,1,1,0
829,1,5000000,1,3,0,2,0
830,1,2000000,0,3,1,1,0
831,1,13000000,1,2,1,3,0
832,1,4000000,1,2,0,2,0
833,1,27000000,1,2,1,3,0
834,1,6500000,1,2,0,2,0
835,1,15000000,1,3,1,3,0
836,1,4000000,0,2,0,3,1
837,1,4800000,1,2,0,2,0
838,1,3000000,1,3,0,2,0
839,1,4000000,1,3,0,2,0
840,1,3000000,0,2,0,2,0
841,1,3500000,1,2,0,2,0
842,2,500000,1,1,0,2,1
843,1,4500000,1,2,0,2,0
844,2,1100000,0,2,0,2,1
845,1,2000000,1,1,0,3,0
846,1,12000000,1,1,1,3,0
847,1,5500000,1,1,0,1,0
848,1,2000000,1,2,0,1,0
849,1,3000000,1,3,0,3,0
850,1,3000000,0,2,0,2,0
851,1,2100000,0,1,0,1,1
852,1,3000000,1,2,0,1,0
853,1,3500000,0,3,0,2,0
854,4,1000000,1,2,0,1,0
855,1,5000000,1,2,0,2,0
856,1,6000000,1,3,0,2,0
857,1,1500000,0,3,0,2,0
858,1,2500000,1,2,0,1,0
859,4,5000000,1,2,1,2,0
860,2,3743100,1,2,0,2,0
861,1,3000000,1,1,0,2,0
862,1,1500000,1,2,1,2,0
863,1,4000000,1,2,1,3,0
864,1,4845157,1,4,1,2,0
865,1,5734000,1,2,0,3,0
866,1,500000,1,1,0,1,1
867,1,12000000,1,1,1,3,0
868,1,10000000,0,3,1,2,0
869,2,4000000,1,1,0,1,1
870,1,3500000,1,3,0,3,0
871,1,5000000,0,3,0,2,0
872,4,1300000,1,1,0,1,0
873,1,3000000,1,2,0,2,0
874,1,1200000,1,2,0,2,1
875,1,3000000,1,2,0,3,0
876,1,6153000,1,4,0,2,0
877,1,3000000,1,1,0,2,0
878,1,5000000,1,2,1,2,0
879,1,3000000,0,0,0,2,1
880,1,2000000,1,1,0,2,1
881,1,8300000,1,2,0,3,0
882,4,3000000,1,2,1,2,1
883,1,2500000,1,2,0,3,0
884,1,8463200,1,1,1,2,0
885,1,8000000,1,1,0,2,0
886,1,9650000,1,1,1,3,0
887,1,3490000,1,2,0,2,0
888,1,20000000,1,1,1,3,0
889,1,8000000,1,2,0,2,0
890,1,5200000,1,2,1,3,0
891,1,4000000,1,2,0,2,0
892,1,4000000,1,2,0,2,0
893,1,1000000,1,3,0,2,0
894,1,7000000,1,5,0,2,0
895,1,4500000,1,1,0,2,1
896,1,950000,0,2,0,1,1
897,1,10000000,1,3,1,3,0
898,1,500000,1,2,0,1,0
899,2,500000,1,1,0,2,1
900,1,8500000,1,2,0,3,0
901,1,7500000,1,2,0,2,0
902,1,5000000,1,2,0,2,0
903,1,4293582,1,2,0,2,0
904,1,1500000,1,2,0,2,1
905,1,4000000,1,1,1,2,0
906,1,4500000,1,1,1,1,1
907,1,1500000,1,2,0,3,0
908,1,1500000,1,1,0,1,0
909,4,1000000,1,1,0,2,0
910,2,1500000,1,0,0,2,1
911,1,800000,1,1,0,3,0
912,1,2500000,1,2,0,2,0
913,1,5000000,0,2,1,3,0
914,1,10000000,0,2,0,3,0
915,1,6000000,1,3,0,2,0
916,2,1000000,0,2,0,2,1
917,1,5500000,1,2,1,1,0
918,1,8000000,0,1,0,3,1
919,1,7000000,1,2,1,2,0
920,1,4000000,1,4,1,1,0
921,2,500000,1,3,0,2,0
922,1,4300497,0,2,0,2,0
923,4,0,1,2,0,1,1
924,1,4000000,0,2,0,1,1
925,1,3500000,1,2,0,2,0
926,1,3000000,1,2,2,3,0
927,1,4500000,1,2,0,2,0
928,1,1000000,0,2,0,3,1
929,1,10000000,1,1,2,3,0
930,1,7000000,1,2,0,2,0
931,1,6000000,1,3,0,3,0
932,4,800000,1,1,0,1,0
933,1,5000000,1,4,1,1,0
934,1,2500000,1,2,0,1,0
935,1,2500000,1,1,0,2,0
936,1,4000000,1,3,0,2,0
937,1,2500000,1,2,1,2,0
938,1,7000000,1,3,0,3,0
939,1,4000000,1,1,0,2,0
940,1,1500000,0,1,0,3,0
941,4,3000000,0,2,0,1,1
942,1,2000000,1,3,0,2,0
943,1,3000000,1,2,0,2,0
944,1,750000,0,2,0,1,1
945,1,5500000,1,3,2,2,0
946,1,2700000,0,1,0,2,1
947,1,750000,1,1,0,1,0
948,1,300000,1,2,0,2,0
949,1,6000000,1,2,1,2,0
950,1,8200000,1,2,0,2,0
951,1,1000000,0,2,0,2,0
952,1,2500000,0,1,0,2,0
953,1,2500000,0,1,0,3,0
954,4,3400000,1,3,0,2,0
955,1,4000000,1,2,0,2,0
956,1,4300000,1,3,0,2,0
957,2,4904900,1,2,1,2,0
958,1,8000000,1,3,1,2,0
959,1,10000000,1,2,1,3,0
960,2,0,0,3,0,2,1
961,4,2500000,1,2,0,2,1
962,1,15000000,1,3,1,3,0
963,1,1500000,1,1,0,2,1
964,4,750000,1,1,1,1,1
965,1,1900000,0,2,0,3,1
966,1,1750000,1,2,0,1,1
967,1,2000000,1,1,1,2,0
968,1,1500000,1,0,0,2,0
969,1,2000000,1,2,0,2,0
970,2,3164900,0,3,0,2,0
971,1,2000000,1,2,0,2,0
972,1,3000000,1,2,0,3,0
973,1,8000000,1,2,1,3,0
974,1,3000000,1,2,0,3,0
975,1,4050000,1,3,1,2,0
976,1,8000000,1,2,1,3,0
977,2,1800000,1,2,0,2,1
978,1,3568200,1,2,0,2,0
979,1,10000000,0,3,0,3,0
980,1,25000000,1,2,1,3,0
981,1,3000000,0,0,0,3,0
982,1,3000000,0,2,0,2,1
983,1,1000000,0,1,0,2,1
984,1,6500000,1,4,0,2,0
985,1,5000000,1,1,0,1,0
986,1,5000000,1,2,0,3,0
987,1,3000000,1,2,0,2,0
988,1,5700000,1,2,0,2,0
989,1,8000000,1,3,1,2,0
990,1,2500000,1,1,1,3,1
991,2,0,0,1,1,1,0
992,1,1250000,0,3,0,1,1
993,1,12000000,0,1,1,3,0
994,1,3000000,1,2,0,3,0
995,1,5000000,1,1,1,3,0
996,1,1800000,1,2,0,2,0
997,2,2500000,0,1,0,2,1
998,1,2500000,1,1,0,2,0
999,2,5000000,1,1,0,3,0
1000,2,2000000,1,2,0,2,0
1001,1,2500000,1,1,0,1,0
1002,1,4000000,1,2,0,2,0
1003,1,9500000,1,3,1,3,0
1004,2,3500000,0,2,0,3,0
1005,1,2000000,0,2,0,3,0
1006,2,4700000,1,1,1,2,0
1007,1,2500000,0,1,0,1,0
1008,1,7500000,0,3,0,3,0
1009,1,2000000,1,2,0,2,0
1010,1,1000000,1,2,1,2,1
1011,1,4000000,1,2,1,2,0
1012,1,1500000,1,2,0,2,0
1013,1,3000000,1,2,0,3,0
1014,1,200000,1,1,0,1,1
1015,1,30000000,1,1,3,3,0
1016,2,0,0,1,0,3,1
1017,1,16500000,1,3,2,3,0
1018,1,12000000,0,1,1,3,0
1019,1,4793000,1,3,0,2,0
1020,1,8000000,1,3,1,3,0
1021,2,2000000,1,2,0,2,0
1022,1,4500000,1,2,1,2,0
1023,1,4000000,1,2,0,2,0
1024,1,4500000,0,2,0,2,0
1025,1,5442100,1,2,1,3,0
1026,1,5000000,1,2,0,3,1
1027,1,4000000,1,2,0,2,0
1028,1,8500000,1,2,1,2,0
1029,1,2000000,1,2,0,1,1
1030,1,2500000,1,1,0,3,0
1031,1,7500000,1,2,0,2,0
1032,4,9000000,1,2,1,3,0
1033,1,4000000,1,2,1,2,0
1034,1,5700000,1,2,0,2,0
1035,1,4000000,1,2,0,3,0
1036,1,3000000,1,1,0,2,0
1037,1,22166233,1,3,1,2,0
1038,1,3000000,1,2,1,2,0
1039,1,6000000,1,4,1,3,0
1040,1,8000000,1,4,1,2,0
1041,1,8600000,1,2,1,2,0
1042,1,3500000,1,3,0,2,0
1043,1,5500000,1,2,0,3,0
1044,1,2200000,1,3,0,1,1
1045,1,2000000,1,3,1,1,0
1046,1,4000000,1,3,0,2,0
1047,1,2000000,1,2,0,1,0
1048,1,1500000,0,1,0,2,1
1049,1,6113833,1,2,1,2,0
1050,1,2000000,1,1,0,2,1
1051,1,5000000,1,3,1,3,0
1052,1,7000000,1,3,0,2,0
1053,1,4000000,1,3,0,2,0
1054,1,5500000,1,5,1,2,0
1055,1,2000000,0,1,0,2,1
1056,1,1000000,1,2,0,1,1
1057,1,10000000,1,2,1,2,0
1058,1,2500000,1,2,0,3,0
1059,1,3000000,1,1,0,2,0
1060,1,5000000,1,2,1,2,0
1061,1,17000000,1,3,2,3,0
1062,1,3000000,1,2,0,2,0
1063,1,7000000,1,2,0,2,0
1064,1,2500000,1,2,0,1,0
1065,1,8700000,0,4,0,2,0
1066,1,4500000,1,3,0,2,0
1067,1,5000000,1,2,0,2,0
1068,1,3000000,1,2,0,3,1
1069,1,6000000,1,2,0,2,0
1070,1,2000000,1,1,0,2,0
1071,2,2500000,1,2,1,3,0
1072,1,16000000,1,1,1,3,0
1073,1,12500000,1,2,1,3,0
1074,1,4000000,0,1,0,2,0
1075,1,5000000,1,3,0,2,0
1076,1,10000000,1,2,1,3,0
1077,1,7500000,1,3,1,3,0
1078,1,2000000,0,0,0,2,1
1079,1,4500000,1,1,1,2,0
1080,1,5000000,1,4,0,2,1
1081,1,6000000,1,3,0,3,0
1082,1,7500000,1,3,1,2,0
1083,1,8500000,1,3,0,3,0
1084,1,27000000,1,1,3,3,0
1085,1,25000000,1,1,1,3,0
1086,1,1000000,1,1,0,2,0
1087,2,500000,1,1,0,1,1
1088,1,5000000,1,2,0,2,0
1089,1,10000000,1,2,1,3,0
1090,1,0,0,1,0,1,1
1091,1,3000000,1,2,0,2,0
1092,1,4200000,1,2,0,3,0
1093,1,5500000,1,3,0,2,0
1094,1,2000000,1,2,0,3,0
1095,1,1000000,1,2,0,2,0
1096,1,2000000,0,2,0,2,1
1097,2,2000000,1,0,0,3,0
1098,1,5000000,1,2,1,2,0
1099,1,6000000,0,1,1,3,0
1100,1,1500000,1,3,0,2,0
1101,1,2500000,1,2,1,2,0
1102,1,3000000,1,2,0,2,0
1103,2,0,1,1,0,3,1
1104,1,9000000,1,2,1,2,0
1105,1,1500000,1,2,0,2,0
1106,1,16000000,1,2,1,3,0
1107,1,4000000,1,3,1,1,1
1108,1,1500000,0,1,0,1,1
1109,1,1500000,1,2,0,2,1
1110,1,2500000,0,1,0,1,0
1111,4,2000000,1,3,0,2,1
1112,1,1500000,1,2,0,1,1
1113,1,1750000,0,2,0,2,1
1114,1,5000000,1,2,0,2,0
1115,1,1200000,1,2,0,2,1
1116,1,8000000,1,3,0,2,0
1117,1,3000000,0,2,0,3,0
1118,1,2500000,1,3,0,2,0
1119,1,2000000,1,2,0,1,0
1120,1,11000000,1,2,1,3,0
1121,1,3250000,1,3,0,3,0
1122,1,3000000,1,2,0,2,0
1123,1,1500000,0,2,0,2,0
1124,1,4000000,0,2,0,2,0
1125,2,4400000,1,2,0,2,0
1126,1,2500000,1,1,0,2,1
1127,1,3800000,1,1,1,3,0
1128,1,700000,1,1,0,1,1
1129,1,5500000,1,3,1,1,0
1130,1,1000000,1,2,0,2,1
1131,1,6000000,1,2,1,3,0
1132,1,3000000,0,2,0,2,0
1133,1,3000000,1,3,1,2,0
1134,1,4000000,1,1,0,3,0
1135,2,700000,0,2,0,2,1
1136,1,500000,0,1,0,1,1
1137,1,2500000,0,1,0,2,0
1138,1,2500000,1,2,0,1,0
1139,1,2000000,1,1,0,2,0
1140,1,4500000,1,1,1,2,0
1141,1,2000000,1,2,0,3,1
1142,1,500000,1,2,0,2,0
1143,1,3000000,0,1,0,1,0
1144,1,5000000,1,2,0,3,0
1145,1,1500000,1,1,0,1,0
1146,2,3500000,1,2,0,3,0
1147,1,2500000,1,2,0,1,1
1148,1,6000000,1,1,1,3,0
1149,1,2500000,1,1,0,3,1
1150,1,3800000,1,2,0,2,0
1151,1,1500000,0,2,0,2,1
1152,1,4000000,1,5,0,2,0
1153,1,11000000,1,3,1,3,1
1154,1,5500000,1,2,1,2,0
1155,1,600000,1,2,0,1,0
1156,1,16000000,1,1,0,3,0
1157,4,0,1,2,0,2,0
1158,1,4000000,1,3,0,2,0
1159,4,500000,1,1,0,2,1
1160,4,1000000,0,1,0,2,1
1161,1,5000000,1,1,1,2,0
1162,1,3000000,1,2,0,2,0
1163,1,8000000,1,2,0,3,0
1164,1,5000000,1,1,0,2,0
1165,1,5358332,1,1,0,1,0
1166,1,6500000,1,2,0,3,0
1167,1,7000000,1,2,1,3,0
1168,1,1500000,1,1,0,2,0
1169,1,2000000,0,2,0,2,0
1170,1,1100000,0,1,0,2,1
1171,1,2000000,1,2,0,2,1
1172,1,500000,0,1,0,2,1
1173,1,1227500,1,1,0,1,0
1174,1,4000000,1,2,0,2,0
1175,1,1000000,1,3,0,1,0
1176,1,1500000,1,1,0,2,0
1177,1,9000000,1,3,2,3,0
1178,1,4000000,1,2,0,2,0
1179,1,1700000,1,1,0,3,1
1180,1,1000000,1,1,0,2,0
1181,1,8000000,1,3,1,2,0
1182,1,900000,0,2,0,2,1
1183,1,1500000,1,2,0,2,1
1184,1,8500000,1,2,1,2,0
1185,1,4300000,1,3,0,1,0
1186,1,2500000,1,2,0,2,0
1187,1,20000000,1,2,2,3,0
1188,1,750000,1,2,0,2,1
1189,1,6000000,1,3,0,3,0
1190,1,4000000,1,2,0,2,0
1191,1,5500000,1,3,0,2,0
1192,1,3000000,1,3,0,2,1
1193,1,15000000,1,3,1,3,0
1194,1,800000,0,1,0,3,0
1195,1,5000000,0,3,0,3,0
1196,1,6000000,1,2,1,3,0
1197,4,5000000,0,0,0,2,0
1198,1,7000000,1,3,1,2,0
1199,1,2850000,1,2,0,3,0
1200,1,6300000,1,2,1,2,0
1201,1,4000000,1,2,1,3,0
1202,1,10000000,0,3,1,2,0
1203,1,1000000,1,1,0,2,0
1204,1,5000000,1,2,0,2,0
1205,1,6000000,1,4,1,2,0
1206,1,5000000,0,2,1,3,0
1207,1,0,0,0,0,1,0
1208,2,4500000,1,1,0,3,0
1209,1,9700000,1,3,0,3,0
1210,2,5000000,1,3,0,2,0
1211,1,4500000,1,2,2,3,0
1212,1,12000000,1,3,1,3,0
1213,1,500000,1,1,0,2,0
1214,1,5000000,1,3,0,3,0
1215,1,7000000,1,3,0,3,0
1216,1,4000000,1,2,0,2,0
1217,1,10000000,1,2,1,3,0
1218,4,3700000,0,1,0,3,0
1219,1,1500000,0,1,0,1,1
1220,2,4748500,1,2,0,2,0
1221,1,2000000,1,1,0,2,1
1222,2,2900000,1,1,0,1,0
1223,1,1000000,1,2,1,2,0
1224,1,17000000,1,3,1,3,0
1225,1,2000000,0,1,0,2,0
1226,1,7000000,1,2,0,2,0
1227,1,0,1,3,0,1,0
1228,1,2500000,1,1,0,2,0
1229,1,3840300,1,2,1,3,0
1230,1,8500000,1,2,1,3,0
1231,1,4000000,1,2,0,1,0
1232,2,1900000,1,2,0,3,0
1233,1,4000000,1,1,0,1,0
1234,1,20000000,1,2,1,2,0
1235,1,8299000,1,2,1,2,0
1236,1,1250000,0,2,0,2,0
1237,1,5500000,1,3,1,3,0
1238,1,500000,1,1,0,1,1
1239,1,12000000,1,2,1,2,0
1240,1,2700000,1,1,0,2,0
1241,1,15000000,1,2,1,3,0
1242,1,9500000,1,3,0,3,0
1243,1,2500000,1,2,0,1,0
1244,2,500000,0,1,0,1,1
1245,1,7000000,1,2,1,3,0
1246,1,8537800,1,2,1,3,0
1247,1,4500000,1,3,0,2,0
1248,1,6000000,1,3,0,1,0
1249,1,2000000,1,1,0,3,1
1250,1,6000000,0,1,0,1,0
1251,1,5233865,1,2,0,2,0
1252,1,6300000,1,3,1,3,0
1253,1,26000000,1,1,1,3,0
1254,1,3500000,0,2,0,3,0
1255,1,4000000,1,4,0,2,0
1256,2,0,1,2,0,2,0
1257,1,6500000,1,3,0,2,0
1258,1,1500000,0,2,0,2,1
1259,1,45000000,1,2,2,3,0
1260,1,4500000,1,3,2,2,0
1261,1,4000000,1,3,1,2,0
1262,4,3000000,1,2,1,3,0
1263,1,10000000,1,2,0,3,0
1264,1,4500000,1,1,0,3,0
1265,1,9000000,1,2,1,3,0
1266,1,20000000,1,2,1,3,0
1267,1,1500000,1,1,1,1,0
1268,1,5500000,1,3,0,3,0
1269,1,10000000,1,3,0,2,0
1270,1,4500000,1,2,1,3,0
1271,1,1500000,0,2,0,1,1
1272,1,2500000,1,2,0,2,1
1273,1,5040000,1,2,0,3,0
1274,2,0,1,4,0,2,0
1275,1,5000000,1,2,1,2,0
1276,1,4000000,0,3,0,2,0
1277,1,3500000,1,1,0,1,0
1278,1,2000000,1,2,0,2,0
1279,4,2000000,1,1,0,1,0
1280,1,3000000,1,2,1,3,1
1281,1,2000000,1,2,0,2,0
1282,1,4000000,1,2,0,3,0
1283,1,3500000,0,1,0,2,0
1284,1,14000000,1,2,1,3,0
1285,4,14000000,1,4,1,3,0
1286,1,9294400,1,2,0,2,0
1287,1,3500000,1,2,0,3,0
1288,4,2200000,1,2,1,2,0
1289,2,5000000,1,1,0,3,0
1290,1,7000000,1,2,0,3,0
1291,1,4000000,1,1,0,2,0
1292,2,3000000,1,3,1,1,0
1293,1,4000000,0,1,0,2,0
1294,1,5000000,1,3,1,3,0
1295,1,5800000,1,3,1,3,0
1296,1,8200000,1,2,1,2,0
1297,1,5000000,0,2,0,2,0
1298,1,1500000,1,1,0,2,1
1299,1,2500000,0,2,0,3,0
1300,1,3800000,1,2,0,2,0
1301,1,2500000,0,2,0,2,1
1302,1,5000000,1,3,1,3,0
1303,1,5503400,1,3,0,3,0
1304,1,7300000,0,2,1,3,0
1305,1,21000000,1,3,1,3,0
1306,1,4000000,1,2,0,2,0
1307,1,2000000,1,2,0,2,0
1308,1,3000000,1,4,0,2,0
1309,1,50000000,1,3,0,3,0
1310,1,6400000,1,3,0,2,0
1311,1,6800000,0,1,0,2,0
1312,1,3000000,1,2,1,2,0
1313,1,450000,1,1,0,2,0
1314,1,3000000,0,1,0,2,0
1315,1,3500000,1,1,1,3,0
1316,1,8500000,1,2,2,1,0
1317,1,10000000,1,4,0,2,0
1318,1,14293200,1,3,2,3,0
1319,1,0,0,1,0,3,0
1320,1,2000000,1,2,0,2,0
1321,1,3850000,1,2,1,2,0
1322,1,6000000,1,2,1,1,0
1323,1,1500000,0,1,0,3,1
1324,1,3500000,1,3,1,2,0
1325,1,3700000,1,2,0,2,0
1326,1,13000000,1,3,1,3,0
1327,2,4000000,1,3,0,2,0
1328,1,5000000,1,3,1,3,0
1329,1,4000000,1,1,0,2,0
1330,4,4500000,1,2,1,3,0
1331,1,5500000,1,2,0,1,0
1332,1,550000,1,2,0,1,0
1333,1,7500000,1,4,0,2,0
1334,1,3900000,1,2,1,1,0
1335,2,500000,1,2,0,2,0
1336,1,8700000,1,2,0,3,0
1337,1,2500000,0,5,0,2,0
1338,1,2500000,0,1,0,3,1
1339,1,13000000,1,2,1,3,0
1340,1,7000000,1,3,1,3,0
1341,1,4000000,1,3,0,2,0
1342,1,1250000,1,2,0,1,1
1343,2,1000000,1,1,0,2,0
1344,1,2650000,1,2,0,2,0
1345,1,4000000,1,3,1,2,0
1346,1,5000000,1,3,0,1,0
1347,1,3500000,1,3,0,2,0
1348,2,3500000,1,2,0,3,0
1349,1,3000000,0,4,0,2,1
1350,1,2500000,0,1,0,2,1
1351,1,3000000,1,1,1,1,0
1352,1,8000000,0,3,1,2,0
1353,1,500000,1,2,0,1,1
1354,1,500000,1,2,0,1,0
1355,1,2500000,0,2,0,3,0
1356,1,4300000,0,2,0,3,0
1357,1,7000000,0,3,0,2,0
1358,1,500000,1,3,0,2,0
1359,1,21000000,1,1,1,3,0
1360,1,800000,0,1,0,2,1
1361,1,600000,0,2,0,2,1
1362,1,9000000,1,2,1,3,0
1363,1,120000,1,1,0,1,0
1364,1,7500000,1,1,1,3,0
1365,1,25000000,1,2,1,3,0
1366,4,5000000,1,1,0,2,0
1367,1,0,1,1,1,3,0
1368,1,6500000,1,2,1,3,0
1369,1,5000000,1,2,1,2,0
1370,1,1500000,1,2,0,2,0
1371,1,12000000,1,1,0,3,0
1372,1,5000000,1,2,0,3,0
1373,1,2000000,0,2,0,1,0
1374,1,3500000,1,2,0,1,0
1375,1,5000000,1,2,0,3,0
1376,1,6540000,1,2,0,3,0
1377,1,2000000,0,1,0,3,0
1378,1,1750000,1,2,0,1,0
1379,1,3000000,0,1,0,3,0
1380,1,400000,1,4,0,2,0
1381,1,2500000,1,2,0,1,0
1382,1,2000000,1,3,1,3,0
1383,1,3000000,1,1,0,2,0
1384,1,3000000,1,2,0,1,0
1385,2,1000000,1,1,0,2,0
1386,1,11000000,1,2,1,2,0
1387,1,2500000,0,3,0,2,1
1388,1,0,1,1,0,3,1
1389,1,7000000,1,2,1,3,0
1390,1,5500000,1,2,0,2,0
1391,1,2500000,1,1,0,2,0
1392,2,1000000,1,1,0,1,0
1393,2,1800000,1,2,0,1,0
1394,1,3500000,1,2,0,1,0
1395,1,2500000,1,2,0,2,0
1396,1,5000000,1,1,1,3,0
1397,1,-1000000,0,1,0,2,1
1398,1,5000000,1,3,0,2,0
1399,1,2500000,1,2,0,2,0
1400,1,1250000,1,1,0,2,0
1401,1,6500000,1,1,0,3,0
1402,1,2500000,0,2,0,3,0
1403,1,2000000,1,2,0,2,0
1404,1,3000000,1,2,1,3,0
1405,1,3230000,1,2,0,2,0
1406,1,6000000,1,3,1,2,0
1407,1,7000000,1,3,1,2,0
1408,1,500000,0,1,0,2,0
1409,1,8500000,1,4,1,2,0
1410,4,4000000,0,2,0,2,0
1411,1,1500000,0,1,0,1,0
1412,1,1000000,1,2,0,2,0
1413,1,4500000,0,2,0,2,0
1414,1,9000000,1,2,1,2,0
1415,1,7000000,1,2,1,3,0
1416,1,1500000,0,1,0,2,0
1417,1,15000000,1,2,1,3,0
1418,1,13000000,1,2,0,2,0
1419,1,2000000,0,3,0,2,0
1420,1,4500000,1,2,1,2,0
1421,1,500000,1,1,0,2,1
1422,1,4000000,0,2,0,3,0
1423,1,8200000,1,2,1,3,0
1424,1,7000000,1,4,0,2,0
1425,1,3500000,1,2,0,2,1
1426,1,1500000,1,2,0,1,1
1427,1,7000000,1,2,0,2,0
1428,4,3000000,0,1,1,2,0
1429,1,700000,1,2,0,1,1
1430,1,7416000,0,2,1,3,0
1431,1,1000000,1,1,0,2,0
1432,1,2300000,0,1,0,2,0
1433,1,2000000,1,2,0,2,0
1434,1,13000000,1,2,0,2,0
1435,1,4000000,1,2,1,3,0
1436,1,900000,1,1,0,2,1
1437,1,7000000,1,2,1,3,0
1438,1,7500000,0,2,0,1,0
1439,1,3000000,0,1,0,3,0
1440,1,2000000,1,0,0,2,0
1441,1,7000000,0,2,0,3,0
1442,1,0,0,1,1,2,0
1443,4,0,1,3,0,3,1
1444,1,3500000,1,3,1,2,0
1445,1,5358700,1,2,1,2,0
1446,1,225000,1,1,0,3,1
1447,1,3000000,1,2,0,3,0
1448,1,1500000,1,3,0,2,0
1449,1,5000000,0,2,0,2,0
1450,1,9000000,0,1,1,2,0
1451,1,5000000,1,1,0,3,0
1452,1,5000000,1,2,0,3,0
1453,1,12100000,1,3,1,2,0
1454,1,5000000,1,2,1,3,0
1455,1,13500000,1,2,0,2,0
1456,1,1000000,1,1,0,1,0
1457,1,7000000,1,2,2,2,0
1458,1,4000000,1,2,0,3,0
1459,1,4500000,1,3,0,2,0
1460,1,15000000,1,1,1,3,0
1461,1,3000000,1,2,0,1,0
1462,1,5000000,1,2,1,2,0
1463,1,3000000,1,2,0,2,0
1464,1,1000000,0,2,0,2,1
1465,1,4000000,0,1,0,2,0
1466,1,2000000,1,3,0,2,0
1467,1,6000000,1,4,0,2,0
1468,1,2000000,1,3,0,2,0
1469,1,5000000,1,3,1,3,0
1470,1,6000000,1,4,1,2,0
1471,1,10000000,1,2,1,3,0
1472,1,6800000,1,2,0,2,0
1473,1,10355400,1,4,1,2,0
1474,1,3500000,1,2,0,2,0
1475,1,5300000,1,2,2,3,0
1476,1,2000000,1,2,1,3,0
1477,2,300000,1,3,0,3,0
1478,1,1500000,0,1,0,3,0
1479,1,1700000,1,2,0,2,1
1480,2,6000000,1,2,0,3,0
1481,1,7500000,1,3,1,2,0
1482,2,5000000,1,1,1,2,0
1483,1,4000000,1,2,0,2,0
1484,1,750000,0,0,0,2,1
1485,2,1500000,0,1,0,3,0
1486,1,5262149,1,2,0,2,0
1487,4,5500000,1,1,0,2,0
1488,1,11000000,1,2,2,3,0
1489,1,3000000,1,1,0,2,0
1490,1,5000000,1,2,0,3,0
1491,1,7000000,1,2,1,2,0
1492,1,6998500,1,2,0,3,0
1493,1,10000000,1,1,1,3,0
1494,1,4000000,1,2,0,1,1
1495,1,13590950,1,3,1,3,0
1496,1,4500000,0,1,0,2,0
1497,1,2000000,1,2,0,2,0
1498,2,500000,1,1,1,2,0
1499,1,3500000,1,2,0,2,0
1500,1,3500000,1,4,1,3,0
1501,1,4000000,0,1,0,2,0
1502,1,5000000,0,3,0,2,0
1503,1,5500000,1,2,0,2,0
1504,1,2000000,0,2,0,2,1
1505,1,9500000,1,2,1,3,0
1506,1,10000000,1,3,1,3,0
1507,1,5000000,0,3,1,3,0
1508,1,4000000,1,2,0,3,0
1509,4,3000000,1,1,0,3,0
1510,1,3000000,1,2,0,3,0
1511,1,4000000,1,4,1,2,0
1512,1,0,1,1,0,2,0
1513,1,2400000,0,2,0,3,1
1514,1,1500000,1,3,1,2,0
1515,1,3000000,1,2,1,2,0
1516,1,3000000,1,2,0,3,0
1517,1,2000000,0,2,1,2,0
1518,1,4000000,1,2,0,2,0
1519,1,4300000,0,3,0,1,0
1520,1,3000000,1,2,0,2,0
1521,4,2100000,1,2,1,3,0
1522,1,4980580,1,1,0,2,1
1523,1,6000000,1,2,1,3,0
1524,1,3500000,1,3,0,1,0
1525,1,6500000,1,3,1,3,0
1526,1,3000000,1,3,0,2,0
1527,1,10000000,1,1,1,3,0
1528,1,1000000,1,1,0,1,1
1529,1,60000000,1,2,2,3,0
1530,4,2000000,1,2,0,1,0
1531,1,6500000,1,2,1,3,0
1532,1,2500000,0,1,0,2,0
1533,1,5000000,1,2,1,3,0
1534,1,4326087,1,3,0,1,0
1535,1,7500000,0,2,1,2,0
1536,1,4000000,1,2,0,3,0
1537,1,5000000,1,2,0,2,0
1538,1,10000000,1,3,1,3,0
1539,1,6000000,0,2,0,3,0
1540,1,5000000,1,1,0,3,0
1541,1,0,0,0,0,1,0
1542,1,6000000,1,2,1,3,0
1543,1,10000000,0,1,1,3,0
1544,1,10000000,1,2,2,1,0
1545,1,4000000,1,2,0,2,0
1546,2,500000,1,1,0,2,0
1547,2,0,1,1,0,2,0
1548,1,0,1,1,1,3,0
1549,1,6000000,1,2,0,2,0
1550,1,3700000,1,2,0,2,0
1551,1,5000000,1,1,1,3,0
1552,1,8000000,1,2,1,1,0
1553,1,0,1,2,0,2,0
1554,1,6720000,1,3,0,2,0
1555,1,5000000,1,1,1,3,0
1556,1,6000000,1,2,1,3,0
1557,1,5000000,0,2,0,2,0
1558,1,5000000,1,1,1,2,0
1559,1,3000000,1,2,0,1,1
1560,1,250000,1,1,0,1,0
1561,1,8500000,1,2,2,3,0
1562,1,23000000,1,2,2,3,0
1563,1,0,1,1,0,1,0
1564,1,3000000,1,2,1,2,0
1565,1,4000000,1,2,1,3,0
1566,1,3000000,1,2,0,2,1
1567,1,1500000,1,2,0,2,0
1568,1,9600000,1,2,0,2,0
1569,1,5000000,0,4,0,3,0
1570,1,3000000,0,1,0,3,1
1571,1,6500000,1,2,2,3,0
1572,1,2000000,0,1,0,2,1
1573,1,2900000,1,2,0,2,0
1574,1,350000,0,2,0,2,0
1575,2,4999999,1,2,1,3,0
1576,1,7508700,1,2,1,2,0
1577,1,2000000,1,1,0,2,0
1578,4,2000000,1,2,0,2,0
1579,1,2000000,1,2,0,2,0
1580,2,4000000,1,2,0,2,0
1581,1,7500000,1,3,1,2,0
1582,2,3000000,1,3,0,2,0
1583,1,15000000,1,1,1,3,0
1584,1,10000000,0,0,0,1,0
1585,1,1500000,1,2,0,2,0
1586,1,8500000,1,3,1,2,0
1587,1,5000000,1,2,1,3,0
1588,1,1500000,1,2,0,1,0
1589,4,0,1,3,0,3,0
1590,1,8947000,1,1,1,2,0
1591,1,9000000,0,4,1,3,0
1592,1,7000000,1,3,1,2,0
1593,1,2821000,1,1,0,2,0
1594,1,5000000,1,3,1,2,0
1595,1,5000000,1,2,1,3,0
1596,1,1500000,1,1,0,1,0
1597,1,6000000,1,2,1,3,0
1598,1,10000000,1,2,1,3,0
1599,1,2500000,0,1,0,2,1
1600,1,1500000,0,2,0,3,0
1601,1,4000000,1,2,0,2,0
1602,4,5000000,1,2,0,3,0
1603,1,6000000,1,2,1,2,0
1604,1,3500000,1,1,1,1,0
1605,2,400000,1,1,0,1,1
1606,1,3900000,1,4,1,2,0
1607,2,1000000,1,2,0,3,0
1608,1,10000000,1,4,1,2,0
1609,1,2000000,0,2,0,3,0
1610,1,1500000,0,1,0,2,0
1611,1,7000000,0,2,0,2,0
1612,1,3000000,0,1,0,2,0
1613,1,3500000,1,2,0,2,0
1614,1,1500000,0,1,0,2,1
1615,2,2000000,1,1,0,1,0
1616,1,5000000,1,2,0,2,0
1617,1,2500000,0,2,0,3,0
1618,1,23000000,1,3,1,2,0
1619,1,500100,1,2,0,1,0
1620,1,5000000,1,2,1,3,0
1621,1,8000000,1,2,0,3,0
1622,1,9000000,1,2,0,2,0
1623,1,5800000,1,2,0,2,0
1624,1,2250000,1,2,0,3,1
1625,1,5000000,1,3,0,2,0
1626,2,7000000,1,3,0,3,0
1627,1,2100000,1,3,0,2,0
1628,1,10000000,0,2,0,3,0
1629,1,6000000,1,1,1,2,0
1630,1,6000000,1,3,0,3,0
1631,1,2500000,1,2,0,1,0
1632,1,10000000,1,2,2,2,0
1633,1,1000000,1,2,2,1,0
1634,1,6500000,1,2,1,3,0
1635,1,1800000,0,0,0,1,0
1636,1,0,1,2,0,2,0
1637,1,4500000,1,0,2,2,0
1638,1,0,1,2,1,3,0
1639,1,4000000,1,2,0,2,0
1640,1,7000000,0,3,0,2,0
1641,1,3500000,1,3,0,3,0
1642,1,6000000,1,2,1,3,0
1643,1,1500000,0,1,0,1,1
1644,1,3250000,1,2,0,2,0
1645,1,3500000,1,2,0,2,1
1646,1,3500000,1,2,0,3,0
1647,1,1500500,1,2,0,1,0
1648,1,6500000,1,2,0,2,0
1649,1,4000000,1,0,1,3,0
1650,1,1500000,1,2,0,2,0
1651,2,900000,0,2,0,1,0
1652,1,3600000,1,0,2,2,0
1653,1,4000000,1,1,1,2,0
1654,1,1000000,1,2,0,2,0
1655,1,2500000,1,3,0,1,0
1656,1,1000000,1,1,0,1,0
1657,1,3250000,1,3,0,2,0
1658,1,3000000,0,2,0,2,0
1659,1,6300000,1,2,1,2,0
1660,1,3000000,0,1,0,1,0
1661,1,600000,1,3,1,1,0
1662,1,8000000,0,1,0,3,0
1663,1,8000000,1,2,0,1,0
1664,1,17700000,1,2,1,3,0
1665,1,10000000,1,3,1,3,0
1666,1,5000000,1,3,0,2,0
1667,1,6000000,1,2,0,2,0
1668,1,4000000,1,2,0,2,0
1669,1,3000000,1,1,0,2,0
1670,1,2500000,0,2,0,2,0
1671,1,7400000,1,2,1,3,0
1672,1,3500000,0,3,1,3,0
1673,1,4000000,1,2,1,2,0
1674,1,4300000,0,2,0,3,0
1675,1,5000000,1,2,1,3,0
1676,1,2000000,1,2,1,3,0
1677,1,3000000,0,1,1,3,0
1678,1,4000000,0,3,0,2,1
1679,1,4500000,1,2,1,1,0
1680,1,7500000,1,3,1,3,0
1681,1,3000000,1,5,1,2,0
1682,1,3000000,1,2,1,2,0
1683,1,5000000,1,1,1,2,0
1684,1,4000000,1,2,1,2,0
1685,1,8500000,1,2,0,2,0
1686,1,4000000,1,2,1,1,0
1687,2,4000000,1,2,0,2,0
1688,1,6500000,1,2,0,3,0
1689,1,2000000,1,1,0,2,0
1690,4,5000000,1,2,0,2,0
1691,1,6500000,1,2,1,2,0
1692,2,4500000,1,1,0,1,0
1693,1,9000000,1,1,1,3,0
1694,1,1500000,1,2,0,1,0
1695,2,4000000,1,2,0,2,0
1696,1,5300000,1,2,0,3,0
1697,1,3000000,0,3,0,2,0
1698,1,4400000,1,3,0,2,0
1699,1,0,0,0,0,1,0
1700,1,5300000,1,2,0,2,0
1701,1,7000000,1,4,1,3,0
1702,1,4000000,1,1,0,2,0
1703,1,5000000,0,3,0,2,0
1704,2,2500000,1,2,0,2,0
1705,1,900000,1,3,1,2,0
1706,1,5000000,0,2,0,1,0
1707,1,8000000,1,3,0,2,0
